rouge1,rouge2,rougeL,rougeLsum
0.01992282461697703,0.0,0.02010714960466957,0.019362916517036262
